,90071,CA,Los Angelels,Aldi Law Group
,,,,Cannabis Compliance
,80901,CO,Colorado Springs,"Charles T. Houghton, PC"
,48084,MI,Troy,"Dickinson Wright, PLLC"
,92101,CA,San Diego,GreenspoonMarder
,02138,MA,Cambridge,Harvard University
,02026,MA,Dedham,Law Office of Anthony E.W. Morgan
,,,,Michigan Marijuana Licenses
,48837,MI,Grand Ledge,"Newburg Law, PLLC"
www.solaceholdings.com,,NV,,Solace Holdings
,,MI,,Thurin Law Group PLLC
,70130,LA,New Orleans,Toledano Entertainment and Arts law
,48152,Michigan,Livonia,"Wilson Elser Moskowitz Edelman & Dicker, LLP"
,48009,MI,Birmingham,Yaldo law
